moo0,last0,moo+0@zoojoo.be
moo1,last1,moo+1@zoojoo.be
moo2,last2,moo+2@zoojoo.be
moo3,last3,moo+3@zoojoo.be
moo4,last4,moo+4@zoojoo.be
moo5,last5,moo+5@zoojoo.be
moo6,last6,moo+6@zoojoo.be
moo7,last7,moo+7@zoojoo.be
moo8,last8,moo+8@zoojoo.be
moo9,last9,moo+9@zoojoo.be
moo10,last10,moo+10@zoojoo.be
moo11,last11,moo+11@zoojoo.be
moo12,last12,moo+12@zoojoo.be
moo13,last13,moo+13@zoojoo.be
moo14,last14,moo+14@zoojoo.be
moo15,last15,moo+15@zoojoo.be
moo16,last16,moo+16@zoojoo.be
moo17,last17,moo+17@zoojoo.be
moo18,last18,moo+18@zoojoo.be
moo19,last19,moo+19@zoojoo.be
moo20,last20,moo+20@zoojoo.be
moo21,last21,moo+21@zoojoo.be
moo22,last22,moo+22@zoojoo.be
moo23,last23,moo+23@zoojoo.be
moo24,last24,moo+24@zoojoo.be
moo25,last25,moo+25@zoojoo.be
moo26,last26,moo+26@zoojoo.be
moo27,last27,moo+27@zoojoo.be
moo28,last28,moo+28@zoojoo.be
moo29,last29,moo+29@zoojoo.be
moo30,last30,moo+30@zoojoo.be
moo31,last31,moo+31@zoojoo.be
moo32,last32,moo+32@zoojoo.be
moo33,last33,moo+33@zoojoo.be
moo34,last34,moo+34@zoojoo.be
moo35,last35,moo+35@zoojoo.be
moo36,last36,moo+36@zoojoo.be
moo37,last37,moo+37@zoojoo.be
moo38,last38,moo+38@zoojoo.be
moo39,last39,moo+39@zoojoo.be
moo40,last40,moo+40@zoojoo.be
moo41,last41,moo+41@zoojoo.be
moo42,last42,moo+42@zoojoo.be
moo43,last43,moo+43@zoojoo.be
moo44,last44,moo+44@zoojoo.be
moo45,last45,moo+45@zoojoo.be
moo46,last46,moo+46@zoojoo.be
moo47,last47,moo+47@zoojoo.be
moo48,last48,moo+48@zoojoo.be
moo49,last49,moo+49@zoojoo.be
moo50,last50,moo+50@zoojoo.be
moo51,last51,moo+51@zoojoo.be
moo52,last52,moo+52@zoojoo.be
moo53,last53,moo+53@zoojoo.be
moo54,last54,moo+54@zoojoo.be
moo55,last55,moo+55@zoojoo.be
moo56,last56,moo+56@zoojoo.be
moo57,last57,moo+57@zoojoo.be
moo58,last58,moo+58@zoojoo.be
moo59,last59,moo+59@zoojoo.be
moo60,last60,moo+60@zoojoo.be
moo61,last61,moo+61@zoojoo.be
moo62,last62,moo+62@zoojoo.be
moo63,last63,moo+63@zoojoo.be
moo64,last64,moo+64@zoojoo.be
moo65,last65,moo+65@zoojoo.be
moo66,last66,moo+66@zoojoo.be
moo67,last67,moo+67@zoojoo.be
moo68,last68,moo+68@zoojoo.be
moo69,last69,moo+69@zoojoo.be
moo70,last70,moo+70@zoojoo.be
moo71,last71,moo+71@zoojoo.be
moo72,last72,moo+72@zoojoo.be
moo73,last73,moo+73@zoojoo.be
moo74,last74,moo+74@zoojoo.be
moo75,last75,moo+75@zoojoo.be
moo76,last76,moo+76@zoojoo.be
moo77,last77,moo+77@zoojoo.be
moo78,last78,moo+78@zoojoo.be
moo79,last79,moo+79@zoojoo.be
moo80,last80,moo+80@zoojoo.be
moo81,last81,moo+81@zoojoo.be
moo82,last82,moo+82@zoojoo.be
moo83,last83,moo+83@zoojoo.be
moo84,last84,moo+84@zoojoo.be
moo85,last85,moo+85@zoojoo.be
moo86,last86,moo+86@zoojoo.be
moo87,last87,moo+87@zoojoo.be
moo88,last88,moo+88@zoojoo.be
moo89,last89,moo+89@zoojoo.be
moo90,last90,moo+90@zoojoo.be
moo91,last91,moo+91@zoojoo.be
moo92,last92,moo+92@zoojoo.be
moo93,last93,moo+93@zoojoo.be
moo94,last94,moo+94@zoojoo.be
moo95,last95,moo+95@zoojoo.be
moo96,last96,moo+96@zoojoo.be
moo97,last97,moo+97@zoojoo.be
moo98,last98,moo+98@zoojoo.be
moo99,last99,moo+99@zoojoo.be
